{"cameraMode":{"drawMode":0,"name":"Shaded","section":"Shading Mode"},"sceneLighting":true,"audioPlay":false,"sceneViewState":{"m_AlwaysRefresh":false,"showFog":true,"showSkybox":true,"showFlares":true,"showImageEffects":true,"showParticleSystems":true,"showVisualEffectGraphs":true,"m_FxEnabled":false},"in2DMode":false,"pivot":{"x":-2.5921401977539064,"y":-2.6756463050842287,"z":49.03369140625},"rotation":{"x":0.00014248238585423678,"y":-0.97295081615448,"z":0.23099453747272492,"w":0.0005963395233266056},"size":5.011302947998047,"orthographic":false}